text,label,prediction
Putin After Announcing #CovidVaccine #Russian https://t.co/rNDFFcaHNd,1,0
4 of the vaccines Jared bought are expected to fail and Trump refuses to join the global‚Ä¶ https://t.co/nBO2o0PNok,1,0
"I don‚Äôt see masks. In fact, my child was there‚Ä¶and we respected her decision not to wear a mask according to CDC guidelines. We also respected the decision of others if they chose to wear one. It‚Äôs that simple. That‚Äôs what we should instill in our children. Choice.",0,1
will the sense touch 40k after a #CovidVaccine is released for unregulated sale in India?,1,0
These patients are slowly being tortured and then fully tortured when all off the meds. I feel for all the CPP pts may God give them relief soon. The cdc guidelines are changing within a.year. it will be better for cpp.,0,1
Safety &amp; efficacy of #CovidVaccine must follow science protocols - NOT political pressure. https://t.co/IQ0bDZ6ZU5,1,0
unveils online platform to ease #CovidVaccine #supplychain challenges - #COVID19 #pandemic #logistics #Cargo‚Ä¶ https://t.co/mVHWKQZ7Nm,1,0
One reason the CDC mask guidelines are so reprehensible.,0,1
"CREWNY's top priority remains the health and safety of our members. We ask that you comply with all COVID-19 safety guidelines established by the CDC &amp; NYC health authorities, including wearing a mask and maintaining safe distancing, to ensure a safe and welcoming environment.",0,1
This #holocaust survivor just compared your #mandatoryvaccination agenda to #Nazi ideology‚Ä¶ https://t.co/65klmlCUdd,1,0
CDC Updates Guidelines To Protect Kids From COVID In School.    https://t.co/AVyiTbAJtd,0,1
I must have missed CDC Guidelines that said you can go mask less on an airplane! According to the FFA You still needed to wear one. What makes you so special?  https://t.co/5uYtreRQXT,0,1
Trust a #Russian #CovidVaccine? https://t.co/aneX6foo1D,1,0
"Will the:
Rich
Movie Stars
Singers
and Select Religions
Still be immune to these rules?
#CovidVaccine",1,0
"I was driving today when I heard thebnew CDC guidelines about children getting back to school - without masks and HEPA filters etc., because hey, they probably wont die. ü§¨ü§¨ü§¨ what about LC? What about their families? I am SO angry. Death isnt the only metric!",0,1
"I agree but for me I‚Äôm more interested in the government officials &amp; Congress since they are implementing policies against us‚Ä¶I want to know what medications they are on, what it is for &amp; are they following the cdc guidelines just like us including UAs",0,1
"If ANTIFA just means Anti-Fascism, than why did President Biden condemn them?",0,1
While I'd trust Russia over china anyday. However they should have conducted phase 3 clinical trail‚Ä¶ https://t.co/GqFkBESJRd,1,0
"Who is the Best PM-

#RussianVaccine
#Russian #CovidVaccine #coronavirus",1,0
Next step is ‚ú®not‚ú® to take the first or even second rounds of the new #covidvaccine just wait a little until you do https://t.co/yrzfk2z78V,1,0
We‚Äôre at war with #COVID19. Other countries are beginning to embrace third/booster shots. But the has issued negligent advice in an apparent attempt to cover up for ill-advised guidelines and to preserve what is left of summer. Make no mistake about our ‚Äúleaders‚Äù.,1,0
This is why they don't want kids in schools yet. This is why need false-positive COVID19 numbers. Te‚Ä¶ https://t.co/p4IwGDMCJg,0,1
"NYS OTDA and an aide to Cuomo tell me NYC doesn‚Äôt need state approval to move people back into shelters bc the governor lifted social distancing guidelines yesterday. Only rule is that people in shelters have to wear masks per CDC guidance, they say",0,1
"Asking people why they wear their masks outside, against CDC guidelines.  https://t.co/qS24VQdlgB via ",0,1
Organizations like mine follow CDC guidelines &amp; make no efforts beyond what is EXPLICITLY stated as public health regulations. There's been no HVAC improvement. There will be no masking there w/o a mandate. The onus is on our federal and state institutions to protect the public.,0,1
"#Russia today recommended its #CovidVaccine Sputnik V for 18 to 60 year old persons. However, Russian scientist Ale‚Ä¶ https://t.co/7kwWypHCmX",1,0
"Our treatment centers continue to follow strict CDC operational guidelines and we encourage all new patients to bring their own reusable masks - gaiters, bandanas &amp; face masks w/valves are not permitted. Your new life is dawning at Hope House!  https://t.co/Kz2dSHGbXc",0,1
"States - Health belong to us &amp; you can‚Äôt tell us what to do because freedum  CDC - We‚Äôve given you vaccines, guidelines, PPE, &amp; metric assloads of $$$‚Ä¶ States- We‚Äôre dying! CDC - See above &amp; tell your citizens to stop being dumb",1,0
"Coronavirus catches up with Usain Bolt, world's fastest man 
#Covid19Millionaires #CovidVaccine #covid https://t.co/D4FCPahiDb",1,0
"Ordinary Chinese residents could start receiving #CovidVaccine as early as November, according to Wu Guizhen, the c‚Ä¶ https://t.co/Rfk04Y5qLs",1,0
This Tory MP you‚Äôre chatting to just stated ‚ÄòI hope it‚Äôs a British company‚Äô that comes up with the first‚Ä¶ https://t.co/Ow43qiqcVx,0,1
"OPINION | Why 'Sputnik moment' of Russia's first #COVIDVaccine triggered 'sour grapes' reaction in Western MSM

https://t.co/NFLLsJDPwO",1,0
Same thing happened with the mask guidelines back in may if I remember correctly. Then one day Biden eased the guidelines and the CDC followed suit.,0,1
ETHealthworld | Brazil's Bolsonaro rejects coronavirus vaccine from China #CovidVaccine #Brazil #China #Coronavirus‚Ä¶ https://t.co/uFdg9j2LOT,1,0
"Dear Please let us know if California Governor will be included in this fascist censorship campaign, since he has us going against CDC guidelines?",0,1
"We have to get rid of the CDC Guidelines. Not revise them, eliminate them. Go back to the way things were before illicit fentanyl. Give us our meds and let God sort it out. Those who abuse, die. The rest of us will get back our QOL back. #opioidhysteria #illicitfentanylcrisis",0,1
Good to see Kate Bingham -  responsible for buying the UK #CovidVaccine stockpile - helping to test one of them out‚Ä¶ https://t.co/uJY2OgG0Br,1,0
"#COVID19
Could #CovidVaccine be okay..? https://t.co/VrUXpVS6FY",1,0
so you would be okay with drunk drivers as long as they don‚Äôt speed?,0,1
How are we told to follow the CDC when we don't even know who those ppl are .. they background.. thet experience.. we don't know these ppl .. but yall telling us to follow they guidelines ?ü§î,0,1
Russia's deputy Prime Minister Tatiana Golikova on Wednesday said that the country is preparing to approve a second‚Ä¶ https://t.co/YAf0xehpgZ,1,0
The face mask guidelines from the American Academy of Pediatrics differ from updated school recommendations the CDC announced recently.  https://t.co/jr6zJaJTqF,0,1
When #Russia announced its development of #CovidVaccine I saw many Ethio tweeps with fireworks &amp; balloon/champagne‚Ä¶ https://t.co/8wds8fYWSs,1,0
Even kids are eager to get the injection.#CovidVaccine #coronavirus,1,0
Airlines were planning to lifting mask mandates on planes in Sept. I can see the writing on the wall if CDC starts issuing mask guidelines for the new ‚Äúvariant‚Äù,0,1
"California goes rogue, ignoring science and CDC‚Äôs COVID-19 guidelines.   https://t.co/fSKpetBGwG",0,1
Exclusive: Fauci says rushing out a #CovidVaccine could jeopardize testing of others https://t.co/00hF6EPhy7,1,0
also reminds us that when someone says they would want a #COVIDvaccine to remind them to get a #FluShot and‚Ä¶ https://t.co/Jvmb8AI7f6,1,0
The California National Primate Research Center is in the news. Via #COVID19 #CovidVaccine https://t.co/HNin7U7TX8,1,0
üì∑ Currently our only hope! Late post #inktober2020 #prompt ‚Äú #hope ‚Äù. #covidvaccine #covid_19 #doodlerbasically‚Ä¶ https://t.co/u3jJ9FuDOw,1,0
"Why do they say that? The CDC guidelines said if a person dies w/in 30 days of having COVID it is marked as a COVID death regardless.   If I kill myself 10 days after a positive COVID test, I died of COVID not suicide. That's an overcount",0,1
"Notice the glaring omission of any mention of the NIH since the are neutral on IVM in C19. Which BTW, the NIH is the only US federal health agency responsible for creating treat guidelines.  Not the FDA or CDC!",0,1
"Trump used a marketing approach to the pandemic. He was a terrible communicator. I still don‚Äôt know his opinion on mask - ‚Äúfollow the CDC guidelines‚Äù, but he didn‚Äôt wear one. ü§¶üèΩ‚Äç‚ôÇÔ∏è",0,1
From August 18: #RobertLitan of  wants USGOV to pay each person $1000 to sell away their human genom‚Ä¶ https://t.co/UaluptBQ7j,0,1
"We all want news about COVID treatments. On October 22nd, Mike Sullivan, CEO of will be sharing the l‚Ä¶ https://t.co/BZjJDMVZCS",0,1
"#CoronavirusVaccine #CovidVaccine 

Putin to Everyone rn : https://t.co/NiVqoenzgD",1,0
"BJP is openly offering #CovidVaccine in exchange of vote in #BiharElections2020 . #ElectionCommission should clear,‚Ä¶ https://t.co/ECHBLo6yzt",1,0
"guidance must establish a process for vetting a #COVIDVaccine that is evidence-based, independent &amp; transpa‚Ä¶ https://t.co/Br6sNCLuuU",1,0
"HOT topic...,continued (August 22, 2020; 10:18 HKT) #covidVACCINE #covidVACCINE",1,0
"Great news for ‚Å¶ and #globalhealth , but we will need to also focus on HOW we will deliver this #CovidVaccine!‚Ä¶ https://t.co/jRyz1IpFHR",1,0
California virtue signaling and not following the science... I love it.  Los Angeles Times: California to require masks in schools despite CDC guidelines.  https://t.co/4CXCFBaDbp,0,1
"I don‚Äôt think now is a good time to get arrested for lewd conduct. Jail consists of a cell, and the room that they shoehorn you in doesn‚Äôt not accommodate for CDC guidelines.",0,1
You clearly don‚Äôt watch the news. Tucker Carlson is not the news.  There are no CDC guidelines preventing people from gathering with family and friends. You don‚Äôt have to live in denial of COVID to make memories.,0,1
"may reach the efficacy datapoint this month, but wants to have two months of safety data post 2nd injection‚Ä¶ https://t.co/hg5NUlCQYm",1,0
"#COVIDVaccine 
I for one will NOT take a rushed g‚Ä¶ https://t.co/Jj06BNe94Z",1,0
I wait #whatiwantedtosay #COVID19 #COVID19Aus #russia #CovidVaccine https://t.co/coHK5eOpkj,1,0
"CDC's job: To provide trends on ""expensive and dangerous"" health threats.  FDA's job: To provide info about the nation's food and drug supply.  So why is the CDC publishing guidelines about prescribing drugs when it's FDA's expertise?  üëá",0,1
Wow it's about time there is some sort of PSA warning the public about illegal fentanyl smuggled into the US! Pain patients have been screaming this since the 2016 CDC Guidelines So far it's been crickets from instead CDC counted illegal fentanyl as a legal TX,0,1
Important the link is here #CovidVaccine üëâ https://t.co/EboReP8Rh7 https://t.co/iuj6Lw437u,1,0
"You were right. The station's statement: ""April Moss objected to WWJ-TV's policies regarding COVID-19 testing and wearing masks inside our station, which are based on CDC, state and local guidelines."" Also...",0,1
"What are the Challenges faced by you due to #CoronaPandemic...?

Small or large, any Problem faced by you... Please‚Ä¶ https://t.co/1df8f8i6Hv",0,1
"In June, South Africa began recruiting participants for the continent's first #covidvaccine trial. Researchers were‚Ä¶ https://t.co/waM9ggA9sC",1,0
As if by magic... #CovidVaccine https://t.co/4MCa4zZh7r,1,0
"#RussianVaccine #Russia  #coronavirus #CovidVaccine
Thanks Umcle pumtin ‚ô•Ô∏è‚ô•Ô∏è https://t.co/KPUnQlAqV0",1,0
"are still alive. What life you want to live?
#COVID19 #coronavirus #lockdown #CoronavirusVaccine #COVID19pt‚Ä¶ https://t.co/iLs3r55vWv",1,0
"May his recovery be quick &amp; easy. Thank you for sharing. It is terrible MSM &amp; CDC are not reporting. The spin &amp; guidelines are causing vacc‚Äôd to feel invincible. Please make sure it is reported. Also, try to get him to move &amp; not lie on his back. Wishing your whole family healing",1,0
Oh no! What on earth will #ScottyFromMarketing do now? #auspol  #CovidVaccine #NotMyPM #ScottyFromBunnings‚Ä¶ https://t.co/PMZAz1yW0r,1,0
"Death toll in Mexico crosses 69 thousand, reached fourth place after America, India, Brazil.
#COVID19 #CovidVaccine‚Ä¶ https://t.co/P1S9WoBEre",1,0
#INR opened at 73.68 levels as local &amp; Asian equities are trading in red. The trials of front-runner in‚Ä¶ https://t.co/eNocy9vZ33,0,1
"It doesn't matter how many 
Resources you have 
If you don't know how to use 
Them, it will never be enough.‚Ä¶ https://t.co/NKhh7YDXwD",0,1
"Noah Brown: ""Experimental Research for COVID-19 Treatment gets Boost from 4,000 Shincheonji Church Members"" (Zambia‚Ä¶ https://t.co/yT9LbZnvGx",0,1
The civic-run King Edward Memorial (KEM) Hospital in #Mumbai began phase II and III trials of the Oxford Covishield‚Ä¶ https://t.co/67ntLgYrkD,1,0
"#CDCGuidelines ignore science, contradict their own collected data: 99.97% of youth under 18 survive Covid without vaccines or masks. #FollowTheScience or turn in your credentials!!! Forcing kids to vax or mask is #ChildAbuse of the worst kind! Shame, shame, shame!",1,0
"We Laughed At Ganesh Gaitonde's Dialogue
""Sab Marr Jaayenge Bas Trivedi Bachega""

But Now It Seems Like ""Trivedi"" M‚Ä¶ https://t.co/riyhhkkeFA",0,1
"The reason it hasn't ""lived up to expectations"" is because of the number of people here who took the warnings seriously and followed the CDC guidelines.  I'm pretty sure the people of India don't think it's a joke.",0,1
The CDC's guidelines are clear; you just don't like them.,0,1
"#China, the virus and #Egypt. #CovidVaccine https://t.co/cQdR26BMuM",1,0
My state will get #CovidVaccine On December 2023. https://t.co/B4V1thoBY7,1,0
"The World is looking at #Hyderabad for #CovidVaccine 

#COVID19India https://t.co/vDvTmEIo2m",1,0
Anyone who entertains - at all - the possibility of a #CovidVaccine being safely available in time f‚Ä¶ https://t.co/8o9fVKe7mg,1,0
"Despite my expectations, I wasn't vaccined yesterday. I was only tested for alcohol, drugs, hepatitis, syphilis and‚Ä¶ https://t.co/CAWpaAjT6x",1,0
https://t.co/RymqkImNQW #covidvaccine #oxfordvaccine#covishield ,1,0
"In a major development, Adar Poonawalla's Serum Institute of India has started the Phase-2/3 trial of a promising C‚Ä¶ https://t.co/n7Eh9GeJOO",1,0
"CDC schools guidelines prioritize in-person learning, even though not all Covid-19 safety measures are in¬†place  https://t.co/QzBOTN6dnm",0,1
 it is a bitter truth that those who are searching in Google {non Medical}  know much about covid than 90 percent of doctors.. Reason doctors(not all) after graduation  read only who/cdc/fda guidelines and hear lectures of medical rep about  newly launched medicine..,0,1
"And since the CDC and administration relaxed covid guidelines despite the objections of everyone with functioning brain cells (with states directly following their lead, causing this predicament), do we conclude that the admin and CDC don't care about Black and Brown people?",0,1
"Looks like #CovidVaccine will also meet fate of #PolioVaccine.

BTW, what happened to #EconomicBoycott? https://t.co/X5K6AyW1XV",1,0
Since you are informing the public about mask. You should put out correct information. The CDC makes guidelines they do not make laws. Plus it's not the law weather to wear a mask or not. I have not found any law made to that rule. Please truly care for the people and tru facts,0,1
India's drug regulator has directed Serum Institute of India to suspend recruitment of new volunteers for phase 2 a‚Ä¶ https://t.co/g1a3NFbr0T,1,0
"This is funny, I don‚Äôt care who you are. #FakeNewsIsTheRealPandemic
#LiberalHypocrisy #LiberalLogic‚Ä¶ https://t.co/ssBOugkwZz",0,1
"It SHOULD be the elderly and most vulnerable. 

It WILL be the rich and powerful. 

#CovidVaccine https://t.co/CmJWXDcty4",1,0
"Only an idiot would go on a cruise without some form of protection from Covid 19. The CDC was wise to provide these guidelines, as its mandate is to do what it can to protect the health of you, me and every other American.",0,1
"It‚Äôs PRIME vacation season! üèÑ Thanks to the vaccine &amp; new CDC travel guidelines, Americans are ready for summer vacation. Does your organization have a plan? In this article, Lisa Rabasca Roepe lists 5 ways managers can handle multiple requests.    https://t.co/0Qlk8SCDCm  https://t.co/JLgKPY3zOH",1,0
"The CDC allowed the previous administration to punk them into changing guidelines &amp; then pulled this whole ""let us mask on the honor system"" bs. Now, they are scared about a variant. I'm sick of them.",0,1
"I‚Äôm also reminded of work by Pathos Labs, which assembled persuasion and messaging strategies to help increase compliance and positive behaviors as they relate to public health orders and CDC guidelines.  More:  https://t.co/Txreo75GCM  https://t.co/fkGY1vaS1R",0,1
Trump Wants to Move Beyond #Democrats #Covid19 Panic &amp; Hysteria  Until #CovidVaccine is Available for the Seriously‚Ä¶ https://t.co/dtD45KDgNj,1,0
Same people worried about microchips in the #CovidVaccine are the ones who check into on Facebook. We do‚Ä¶ https://t.co/2YPyvR1MOv,1,0
"Good News, Hopefully.  
#India's 1st #Covidvaccine-Serum Institute's '#Covishield'- will be commercialised in 73 da‚Ä¶ https://t.co/JbpvAa3tNB",1,0
"#Sputnik to #CovidVaccine ! 
Hope it works ! Now #USA is under pressure ! üòÖ
#RussianVaccine #coronavirus https://t.co/rmzqxOAo1b",1,0
üèô We are so excited to see these familiar faces in our New York office. #WorkivaLife  *Workiva follows all CDC and local guidelines for returning to the office.  https://t.co/JPf1nxd5po,0,1
"If this varient is more dangerous than the original version, y delete the mandate of masks ? There is so many ppl who dnt believe in covid, wearing masks, or getting the vaccine who abuse the privilege of the new cdc guidelines +",0,1
"Big Breaking: #Russia has become the first country in the world to register a #CovidVaccine, says President Vladimi‚Ä¶ https://t.co/9xLQmuybHb",1,0
"Fully sourced and cited means nothing. It's extremely biased, written by a rabid anti-Trumper, doesn't include any information about CDC guidelines and is completely opinion based. People who share factcheckers would rather believe a two minute wrap-up smear than read for hours  https://t.co/ElT18XkHwb",0,1
"I hope this gets trending #IWillNotTakeTheVaccine

#COVID1984 #coronavirus #CovidVaccine #CovidHoax #CovidVaccineRace",1,0
"wait, there's a candidate in NORTH KOREA???!!! SERIOUSLY???!!! (August 23, 2020; 15:00 HKT) #covidvaccinerace #covidvaccine #NORTHKOREA",1,0
"Can s (Putin's) #CovidVaccine reverse the world market trend and bring back the rerun of bulls?
Pict‚Ä¶ https://t.co/h8Jl9YcDC8",1,0
"Labor Day at the EARLIEST, Doc. 

And if there isn‚Äôt a #COVIDvaccine by then, the time has come for massive investm‚Ä¶ https://t.co/bN2Eq88BGW",1,0
"And ...? Maine's law is better. In the US, the CDC guidelines infer all opiate users are addicts, but they absolutely are not. Crime follows everything that's criminalized. Terrible, terrifying policy. And doesn't reduce drug use AT ALL.",0,1
Put on the breaks. #CovidVaccine  https://t.co/HdNr0UiwAP,1,0
"$MRNA this is crux w/ Moderna #covidvaccine: 

despite of what they themselves call 'clinically sig systemic reacto‚Ä¶ https://t.co/5tIbC72oiY",1,0
https://t.co/dnRRqpvA1m PLEASE WATCH THIS MESSAGE! THE MARK OF THE BEAST IS AROUND THE CORNER #DNA #vaccine‚Ä¶ https://t.co/GVFekFcNiS,0,1
#CovidVaccine Gujarati always Rock üòÇüòÇüòÇ https://t.co/AzDCxXm2Zd,1,0
When will the mainstream media stop saying that President failed to meet his goal of vaccinating 70% of America by July 4th? He didn't fail. Nearly half of this country chose to politicize this deadly pandemic instead of following the CDC guidelines.,1,0
"Notice the glaring omission of any mention of the NIH since the are neutral on IVM in C19. Which BTW, the NIH is the only US federal health agency responsible for creating treat guidelines.  Not the FDA or CDC!",0,1
"Plus there are still federal &amp; CDC guidelines for wearing masks in congregate settings, on mass transit &amp; medical facilities.",0,1
"I agree, but I think 22 years is a bit to short for what he done",0,1
‚Å¶Falsely Claims His Daddy Invented #COVIDVaccine Idiot  https://t.co/lqnitjzaLD,1,0
Works for them because it puts liability for going against CDC guidelines on you and your doctor and less on them. Here they check the databases and hearing people trying but they get turned away. Great if you have that privilege. Many don't. homeless. Prison inmates don't.,0,1
"According to the CDC's guidelines for K-12 schools, ""consistent and correct use of face masks reduces the spread of SARS-CoV-2 and, with some exceptions, is recommended for use indoors among people aged 2 and older who are not fully vaccinated.""    https://t.co/2DLyki2sdm",0,1
"‚ÄúWe are going to publish it. There are two reports, the first one will come in several days and it will tell people‚Ä¶ https://t.co/PKM2RpQ0r0",1,0
"After successfully controlling  #COVID19 it looks like China may be the first with a #CovidVaccine

https://t.co/TRX9V6ft1M",1,0
Luxurious choice of separating population control with #CovidVaccine is not available as of now. https://t.co/4ZCjC53LSw,1,0
Meanwhile. Some good news around on #COVID__19 #Feluda #CovidVaccine #IPL2020 #Tata #Medicine https://t.co/ExjyyBsiEB,1,0
"A #COVIDvaccine is considered the #silverbullet for a broader market rally, but the S&amp;P 500 won‚Äôt see as much of a‚Ä¶ https://t.co/LcJjSev8YM",1,0
"Although ""because the CDC says"" is a poor argument, I don't think you're aware of what CDC guidelines for schools even say.    https://t.co/heLM4KJS3w  https://t.co/rj0ufeek97",0,1
This is NOT what we needed to hear right now. Looks like the wait will be a little longer than anticipated...‚Ä¶ https://t.co/Ik07SkxzQX,1,0
#Putin says he has the first long term #CovidVaccine and has tested it on his daughter..... https://t.co/2cK4wPYq4d,1,0
Particularly sad #RuthBaderGinsburg handed #GrimReaper #MoscowMitch &amp; #TrumpUnfit4POTUS the #OctoberSurprise whn ot‚Ä¶ https://t.co/lwwH0fZMQM,1,0
Book Ordered! Ultimate betrayal? Could trump rebrand Putin‚Äôs  #RussianVaccine‚Ä¶ https://t.co/an1fTCIZSw,1,0
Now we can all laugh and cough as we like. Russia is here for us.üòÅ#CovidVaccine,1,0
#BigPharma Is #PriceGouging You; Even After Getting Govt. Handout https://t.co/jQjtsizpOX‚Ä¶ https://t.co/B89oKn2vjp,0,1
"Why #CovidVaccine will be given only to #Biharis 1st ( I know it's a Jumlaa) ????
What crime have people of‚Ä¶ https://t.co/seQricgBiu",1,0
Why does continue to promise a #covidvaccine by the end of the year when the true experts say differently? #delusional,1,0
It is a tactical statement by so that all state governments declare that the #CovidVaccine‚Ä¶ https://t.co/lAMC2CQCg2,1,0
"A Taiwanese-developed #CovidVaccine has been given the go-ahead to start human trials. From Addimune Corp., it is t‚Ä¶ https://t.co/7ma2Gh9lNn",1,0
The idea that science is somehow pure and void of politics and that scientists should be held as righteous stewards‚Ä¶ https://t.co/MMLcinCamf,1,0
"Diagnostic Pathology: Open Access announces Special Issue on ""Therapeutic Applications in COVID-19""
Click here to s‚Ä¶ https://t.co/LT2uEebhss",0,1
President #Trump just announced that we've reached an agreement with Moderna to manufacture and deliver 100 million‚Ä¶ https://t.co/6l6hGBCXRr,1,0
"A Tampa federal judge gave a win to Florida and Governor Ron DeSantis, Friday, tossing out COVID-19 Centers for Disease Control (CDC) cruise ship guidelines.  https://t.co/Ke24vgrBKJ",0,1
"Lets spread more such positive news. Let's hope 2021 brings new hopes!!

#Covid_19 #COVID19 #CovidVaccine‚Ä¶ https://t.co/NKuPrEs04f",1,0
‚ÄúThe emergency is over.‚Äù  Governor Cuomo says New York‚Äôs Covid-19 State of Emergency expired tomorrow.   Suggests still following Federal CDC guidelines with regard to masks if unvaccinated  https://t.co/B3vzgmmjNq,0,1
"Deep dive into the #CovidVaccine race and the #DMSB with #PaulOffit. Worth the read.

https://t.co/7vpo5pHPan",1,0
.&amp; reasonably optimistic about #CovidVaccine but emphasise nothing‚Äôs certain. In meant‚Ä¶ https://t.co/GTGZiTupnv,1,0
CDC Updates Guidelines To Protect Kids From COVID In School. Plus: Vacation Tips  https://t.co/RNbmubAwZa #srq #srqlife #sarasota #sarasotaflorida #floridahelpinghands #Florida #Tampa #TampaBay #SiestaKey #siestabeach #bradenton #sarasotafl #manatee #lwr #sarasotacounty #ggv #FL  https://t.co/o7QJXyKjuj,0,1
Can somebody please explain to me why we aren't doing antibody testing? #COVID„Éº19 #CovidVaccine,0,1
"WTF do any of these people think they are, overruling CDC guidelines or making decisions for anyone regarding medical information?  What's next? Are Republicans going to accompany me to my annual physical and provide me you results?  Fuck all of them.",0,1
"update: DAILY MAIL: scientists respond to DEATH (October 22, 2020; 20:50 HKT) #covidVACCINE",1,0
"Even though people appreciate the Fast Track / Warp Speed approach, they are more concerned about the effectiveness‚Ä¶ https://t.co/Sp793MJzbn",1,0
The CDC is leaving it up to local officials to set mask-wearing guidelines as the highly contagious delta variant spreads in areas with low vaccination rates.  https://t.co/b41falcBib,0,1
Want facts abt #COVIDVaccine &amp; #COVIDLongHaulers truth?#ListenToScientists like MD on He believes‚Ä¶ https://t.co/C46ypuJ2gv,1,0
"As #gbpusd falls below the 1.27 handle amidst increased Covid measures this morning, the UK can at least be positiv‚Ä¶ https://t.co/CPaEsBJbug",0,1
'Wouldn't Trust #Trump On Safety Of #CovidVaccine Released Before #USElections #CoronavirusVaccine #USA #America,1,0
"Also, the problem with those who keep baying about losing their freedom because of COVID-19 restrictions is that they forget that rights and freedom come with responsibilities, and we all have the responsibility of following CDC guidelines to keep us safe.",0,1
Thanks &amp; for interview last week on #CovidVaccine prioritisation.(https://t.co/k1qvWuSLuI) Ha‚Ä¶ https://t.co/rrbT96Q2W8,1,0
"Due  to the competition in the #covidvaccinerace, we must estimate a market share for a #Moderna made‚Ä¶ https://t.co/Ea9kntNMeo",1,0
"I don't understand these Senators.  The CDC does NOT MAKE LAW.  They issue guidelines.  Anybody can reject them outright.  And nobody can force anybody to wear a mask against their will.  It is a violation of civil rights, medical coercion.  That's the message! ",0,1
3/ The point is criticism of #BJP could make it withdraw the false promise as well as make other parties realize th‚Ä¶ https://t.co/ERD3fKUMg0,0,1
"How will be vaccinate the world?
#vacine #vaccinate #coronavirus
#covidvaccine 
Source: Design: Mark Hall https://t.co/lagiNuN9Zb",1,0
"Does Russia have the cure for Corona Virus? 

Read here:
https://t.co/1PgvxzyHkY

#CoronavirusVaccine #CovidVaccine‚Ä¶ https://t.co/RA7f8RMlFx",1,0
Nurses union calls on CDC to reinstate universal mask guidelines   https://t.co/eYhp5I5KuQ,0,1
Sirf  #MukeshAmbani  Company &amp; it's Workers Jobs are Safe baaki Sa‚Ä¶ https://t.co/GW2KpWZpNz,0,1
"The CDC's new guidelines state that even if you are fully vaccinated and wearing a mask, you should still Google LASD gangs.",0,1
Why don‚Äôt you tell big brother newsom to follow the science and to follow the cdc guidelines on mask wearing in schools.,0,1
California schools will still require masks despite CDC guidelines  https://t.co/jBPpz1DjxB,0,1
"I'm not crazy. I don't like crazy people. I follow the CDC guidelines of ""wearing a mask"" for those that are not vaccinated, such as myself. That doesn't mean I don't care about my life. After several tests (including recently), I have tested ""negative"" for any #COVID19 symptoms.",0,1
Welk this is concerning. #CovidVaccine https://t.co/AMuR0zHv3Q,1,0
"Dr. Francis Collins, Director of the NIH, in testimony on the search for a #covidvaccine - ""Science is the way this‚Ä¶ https://t.co/1e36QPOTS8",1,0
"Well done Russia and Mr Putin , you are hope of millions of lives that could saved from now till th‚Ä¶ https://t.co/d6j19tEec4",1,0
"Doctor warns the #Italian people on #COVIDvaccine #COVID19 

https://t.co/o1QQgKGrDB",1,0
Read up on the CDC website for guidelines and recommendations. I think you‚Äôre ok to go.,0,1
Putin ahead of the curve. #CovidVaccine https://t.co/eJedkgM04X,1,0
"""#Putin"" scores over #Trump, #Johnson, #Merkel, #Castex, #Jinping, #Netanyahu, #Conte, #Abe. Need to wait for effec‚Ä¶ https://t.co/W73AdPs36q",1,0
"Wondering when a #COVIDVaccine will be available? üíâüíäHere's where the research stands, &amp; what the future might hold‚Ä¶ https://t.co/aSKooeP2Ny",1,0
"#Twitter ;

#sputnik 
Russia state-affiliated #CovidVaccine",1,0
Is this true? #CovidVaccine  ? https://t.co/ff3UW6dwpJ,1,0
#SputnikV let‚Äôs hope this works Russia. #CoronavirusVaccine #CovidVaccine,1,0
Whaat! Is that true? Will our bodies be controlled by external forces through this #CovidVaccine? I heard abt this‚Ä¶ https://t.co/ZJ1Vk2mtdD,1,0
Not everybody will have the same chance to be immunised. A recent report says that wealthy nations representing jus‚Ä¶ https://t.co/tu5eA0VUk5,1,0
We're revisiting #biotech company Pharmaceuticals that‚Äôs leading the way with a #COVID19 antibody cockta‚Ä¶ https://t.co/U1V0BGDZyO,0,1
Such a great example of leadership.. Didn't even bother to apply the #CovidVaccine on his daughter https://t.co/2IW34x3Jwr,1,0
Or ...you could do a simple Google search for CDC guidelines on children  and not embarrass the rest of us image bearers of God,0,1
"#azaadi from masks. When is this happening? 
#COVID19 #CovidVaccine https://t.co/mtioeYNRdS",0,1
Why is there no news articles on the protests going on in Manchester about #SaveOurChildren and the #CovidVaccine b‚Ä¶ https://t.co/PLdabUToWz,1,0
That was  my point the CDC  guidelines are clear ban for dogs entry to the U.S . You didn't let me travel with CATS  to COLOMBIA.  So whats your point? I want my money back #jetbluesucks,0,1
"#covidvaccine to all those that claim genetic drift of #sarscov2 won't matter much:

In $MRNA pseudovirus neutraliz‚Ä¶ https://t.co/eELW2l2Wq5",1,0
Trump administration has said that it will not work with an international cooperative effort to develop and distrib‚Ä¶ https://t.co/9fYuRkflLd,1,0
"#CovidVaccine
Russia's President Vladimir Putin on Tuesday said the country has developed the ""first"" coronavirus v‚Ä¶ https://t.co/99M6xUOuYK",1,0
"BJP is Blackmailing voters with #CovidVaccine ,  Bihar voters should question BJP and their allies why‚Ä¶ https://t.co/7Bu7CxslHX",1,0
im not getting the #covidvaccine because of antivaxers or conspiracy theories. Its because i wont be a guinea‚Ä¶ https://t.co/X9HdKwFBm9,1,0
so after a year of ‚Äúfollow CDC guidelines‚Äù now we are saying ‚Ä¶don‚Äôt follow CDC guidelines??? Now because you personally disagree with the CDC but have no factual evidence based on science to support going against them ‚Ä¶   https://t.co/GDbgARBzKj,0,1
"Putin ryt now..
#CoronavirusVaccine 
#RussianVaccine 
#CovidVaccine https://t.co/630MB3ZJqI",1,0
I don‚Äôt think the GOP lost in Texas and if a large majority of Texans opposed the bill I don‚Äôt think the GOP would have majority power there.,0,1
"At least 31,000 volunteers from more than 120 nationalities have taken part in #UAE's first Phase III trials of an‚Ä¶ https://t.co/IOt9lS7Kyo",1,0
"Don‚Äôt say that you weren‚Äôt warned.
#ThursdayThoughts #qanon #QAnon2020 #TikTok #China #RuleBritannia #vaccine‚Ä¶ https://t.co/o8XUR8JKsB",0,1
"""We need to rapidly scale up our clinical trials, manufacturing, licensing and regulation capacity"" 

#WHO‚Ä¶ https://t.co/bOp6hjGFBJ",1,0
üò≥ wow my life on the pasion of the public and in accordinancd with cdc guidelines we have a title.,0,1
"-Russia has annouced first #CovidVaccine 
-Putin daughter inoculated
-says rigorous safety data review needed‚Ä¶ https://t.co/NwnA9q44Ee",1,0
I follow CDC and local guidelines and happily wear a mask when required.  Because I believe in science.,0,1
"Some (?) in 'twitterland' have seen good effects of mask wearing eg. lack of flu season; those with immune/cancers etc. So, er usual - some people are governed by the CDC and adapt those guidelines (in a positive way) to their own personal circumstances. Agree.",0,1
"Wait, if Russia is claiming the first #CovidVaccine With just a phase 2 testing doesn‚Äôt that mean Oxford and Modern‚Ä¶ https://t.co/4dNW1gbXw2",1,0
"With growing uncertainty over work, wages, and wellbeing in the wake of the global pandemic Novel Coronavirus COVID‚Ä¶ https://t.co/0R49YueOnD",0,1
"Join us for our eighth annual Pratham Raleigh-RTP 5K Run/Walk on Sunday, Sept, 12, 2021:  https://t.co/4mDnt36yJA  #PrathamRaleigh  All in-person events will follow lawfully required COVID-19 health and safety protocols and adhere to CDC guidelines.  https://t.co/xfrtnvmwKP",0,1
"Report from an employee at Bickford of Oswego in OSWEGO, IL on Mar 02, 2021: ""The employer has not implemented the CDC guidelines to address the COVID-19 pandemic. The Employer failed to provide...  https://t.co/FWdNx25wIu",0,1
Biden admin to move $860M in COVID funds to house illegal immigrant children.  CDC guidelines require the agency to quarantine children upon receiving them.    https://t.co/gD5BMMjYUm,0,1
"Serum Institute (Denies Rumours Of Availability Of #CovidVaccine #COVISHIELD In 73 Days

Read here‚Ä¶ https://t.co/Y6kD1XGICZ",1,0
"Ask not why was approved but, how much it adds up. The current #corporatocracy government is the reason.‚Ä¶ https://t.co/QSe0MI0YsZ",0,1
"Let‚Äôs all work together to #SlowTheSpread shop my handmade #facemasks before they‚Äôre gone 
MadMaskr‚Ä¶ https://t.co/kgR6dL5EMy",0,1
" https://t.co/EDfLIopQrq I told all my friends not to get excited! This Covid war isn't over! I don't know about you, but I don't trust the CDC and their so called guidelines. I'll keep wearing my masks when I go public places.",0,1
"I feel like Governor Andrew Cuomo didn‚Äôt follow the CDC, CMS, and HHS guidelines on people with disabilities of last year. ",0,1
#CovidVaccine trials have been fast-tracked &amp; Phase 3 trials are being exempted by many countri‚Ä¶ https://t.co/f9054R16Yj,1,0
"Did give any indian 15 lakh rs as promised ????
So people of #bihar think thrice before u vote for‚Ä¶ https://t.co/KS9d0Toh4X",0,1
"No #compromise on quality of #COVIDvaccine: CMD

https://t.co/5sLg8aDgqz",1,0
"While I agree, they‚Äôre following a lot of CDC/state guidelines still. They can still have their wishes for the most part. I kinda view it this way too - if a child visited a large gathering or air traveled and got Covid, that would be even worse.",0,1
"I haven't been locked in my home, because some of us have to work. I'll base things on the increase of case numbers in the following weeks, after everything opens up without masks. If we were to follow CDC guidelines, this wouldn't be happening right now. Thanks for your input.",0,1
"6 people near me on Flight 239 (29A, 29D, 29E, 29F, 28C) didn‚Äôt wear masks or didn‚Äôt wear them properly. Flight attendants did nothing when I asked. Why is Frontier violating FAA, DOT, and CDC guidelines?",0,1
"Like should be.... #solidarity among countries!
This is the way to face the #COVID_19......only through SOLIDARITY‚Ä¶ https://t.co/o4WqTxau4P",0,1
I don't believe you have Addiction issues. I believe you are like the rest of us who have been cut off or doses significantly reduced b/c of CDC Opioid prescribing guidelines.,0,1
"#PuneHospital to begin Phase III of human trial of #COVIDvaccine https://t.co/kUANFH2jwZ 
#covid19 #COVID19vaccine‚Ä¶ https://t.co/V92Fd9iDhR",1,0
"#NWO #Pope Francis Sides With Bill #Gates 

And Says #COVIDVaccine 

Must Be 'Universal And For All People' 

Despi‚Ä¶ https://t.co/16s0lZ3Idu",1,0
CDC‚Äôs COVID-19 Science Update  https://t.co/tsyfgXLUKA via      #DeltaPlusVariant #COVID19  #StaySafe #CDCGuidelines,0,1
"$vxrt

I expect to be trading in the 20 range this week! Watch!

#OperationWarpSpeed #vaccinefunding #oralvaccine‚Ä¶ https://t.co/3LYoc6ToEO",1,0
"CDC made similar recs years ago!   It‚Äôs like they don‚Äôt trust women to plan their pregnancies, but somehow are expecting them to follow their guidelines",0,1
"So going by what #NirmalaSitharaman said, in India, you can only have free #CovidVaccine if you vote BJP and Modi G‚Ä¶ https://t.co/jNcQzCkMwX",1,0
Our #CovidVaccine and treatment potential is in great hands. I‚Äôm proud to work with and support these excellent peo‚Ä¶ https://t.co/CKS7yKTvoR,1,0
"Report from an employee at US Postal Service in LA CROSSE, WI on Oct 19, 2020: ""In building (mail carriers) CDC guidelines adressing COVID19 are not being followed. 1) Employees are not informed...  https://t.co/t2LOPkLb89",0,1
"Do the political staffers and politicians see this?   Canadians deserve transparency. When Americans were getting vaxxed, CDC quickly released new guidelines. Life is going back to normal. When will do the same?   #cdnpoli",1,0
"Federal judge rules in favor of Florida, tosses out CDC cruise guidelines  https://t.co/vJjpvqQ7Vs",0,1
A 25-year-old man from Nevada is the first known American to catch #COVID-19 twice. The patient has since recovered‚Ä¶ https://t.co/vwiFi3dggB,0,1
Russia have introduced the first #CovidVaccine &amp; I guess what an amazing news üòç I hope it works amazing as well ü§ûüèª‚Ä¶ https://t.co/zWXNBZbL4z,1,0
Hopefully they will release information on the adverse event #clinicaltrial #CovidVaccine https://t.co/z2lXMJH6Ut,1,0
"Do we have an operation #warpspeed ? 

https://t.co/Su4efqdbzb",1,0
"‚ÄúThe general population appears desensitized to the threat, and individuals are not following CDC guidelines related to mask-wearing for unvaccinated persons or maintaining social distancing in crowded indoor locations.‚Äù",0,1
Of course. Then please follow cdc guidelines on the unvaccinated and we will all get through this healthily.,0,1
please help us spread the word #covidwarriors #MythAndFact #COVID19India #CovidVaccine‚Ä¶ https://t.co/451g1JYAOh,1,0
did cdc and federal guidelines train or are you not enforcing masks on public transit. I‚Äôm wearing a mask and 80% of other ladies aren‚Äôt. Wellington station. T ambassador not telling folks to mask up. #shame #WearAMask,0,1
So true...just like analysis a few months ago: mandatory #Covid_19 #facemasks is the entry point int‚Ä¶ https://t.co/V9oSgYbpYY,0,1
"No Known Data on Quality, Efficacy and Safety of #Russian #COVIDVaccine: Germany.

https://t.co/RoMkvbgKMO",1,0
"Sadly, I think the only way to protect ourselves from these selfish assholes is to continue to mask and keep to the CDC guidelines we were following last winter.",0,1
